1.0000000000000000e-08	9.9734662548084407e-01
1.0436292088904132e-08	9.9730858534395983e-01
1.0891619256492297e-08	9.9726999984715059e-01
1.1366811988188646e-08	9.9723086117202919e-01
1.1862737002839382e-08	9.9719116138812924e-01
1.2380298833548321e-08	9.9715089245129584e-01
1.2920441477482940e-08	9.9711004620205890e-01
1.3484150117660402e-08	9.9706861436397987e-01
1.4072452919853498e-08	9.9702658854197279e-01
1.4686422907894292e-08	9.9698396022060620e-01
1.5327179920795762e-08	9.9694072076237905e-01
1.5995892655261106e-08	9.9689686140596778e-01
1.6693780797306154e-08	9.9685237326445486e-01
1.7422117246882592e-08	9.9680724732352588e-01
1.8182230439560106e-08	9.9676147443959129e-01
1.8975506769501301e-08	9.9671504533815847e-01
1.9803393118149325e-08	9.9666795061160651e-01
2.0667399493240031e-08	9.9662018071752090e-01
2.1569101782952223e-08	9.9657172597669208e-01
2.2510144630219228e-08	9.9652257657116383e-01
2.3492244432444477e-08	9.9647272254223962e-01
2.4517192472092293e-08	9.9642215378846655e-01
2.5586858183863675e-08	9.9637086006359143e-01
2.6703192564416840e-08	9.9631883097448193e-01
2.7868231730850711e-08	9.9626605597902507e-01
2.9084100634442441e-08	9.9621252438399077e-01
3.0353016936412326e-08	9.9615822534286813e-01
3.1677295052785311e-08	9.9610314785366461e-01
3.3059350375726601e-08	9.9604728075668070e-01
3.4501703679050539e-08	9.9599061273225165e-01
3.6006985715938973e-08	9.9593313229845271e-01
3.7577942017253799e-08	9.9587482780884129e-01
3.9217437899196403e-08	9.9581568744982718e-01
4.0928463689447245e-08	9.9575569923869289e-01
4.2714140181317831e-08	9.9569485102088984e-01
4.4577724325862940e-08	9.9563313046764612e-01
4.6522615172335271e-08	9.9557052507347110e-01
4.8552360067817494e-08	9.9550702215362252e-01
5.0670661127338862e-08	9.9544260884153979e-01
5.2881381986278865e-08	9.9537727208623616e-01
5.5188554847371961e-08	9.9531099864966022e-01
5.7596387835167977e-08	9.9524377510401052e-01
6.0109272671361775e-08	9.9517558782902260e-01
6.2731792684991424e-08	9.9510642300920771e-01
6.5468731172115142e-08	9.9503626663105760e-01
6.8325080120213666e-08	9.9496510448020659e-01
7.1306049313232687e-08	9.9489292213855540e-01
7.4417075833869822e-08	9.9481970498128536e-01
7.7663833980439448e-08	9.9474543817416483e-01
8.1052245616402412e-08	9.9467010667014311e-01
8.4588490971437517e-08	9.9459369520657703e-01
8.8279019913755184e-08	9.9451618830207134e-01
9.2130563714213360e-08	9.9443757025334745e-01
9.6150147323692504e-08	9.9435782513206361e-01
1.0034510218612189e-07	9.9427693678159224e-01
1.0472307961053006e-07	9.9419488881374873e-01
1.0929206472650525e-07	9.9411166460547851e-01
1.1406039104852250e-07	9.9402724729548830e-01
1.1903675567570070e-07	9.9394161978083750e-01
1.2423023515471319e-07	9.9385476471347700e-01
1.2965030203478331e-07	9.9376666449673812e-01
1.3530684214496404e-07	9.9367730128177290e-01
1.4121017262520886e-07	9.9358665696394211e-01
1.4737106074412539e-07	9.9349471317915516e-01
1.5380074353773263e-07	9.9340145130018376e-01
1.6051094830504123e-07	9.9330685243276362e-01
1.6751391399784018e-07	9.9321089741197255e-01
1.7482241354370266e-07	9.9311356679822083e-01
1.8244977714292708e-07	9.9301484087335001e-01
1.9040991658190518e-07	9.9291469963664802e-01
1.9871735060726367e-07	9.9281312280080058e-01
2.0738723140705745e-07	9.9271008978779296e-01
2.1643537224732043e-07	9.9260557972474461e-01
2.2587827631437313e-07	9.9249957143969092e-01
2.3573316681549937e-07	9.9239204345730236e-01
2.4601801839289193e-07	9.9228297399454146e-01
2.5675158990816095e-07	9.9217234095625928e-01
2.6795345865720980e-07	9.9206012193072979e-01
2.7964405607787391e-07	9.9194629418511759e-01
2.9184470501545789e-07	9.9183083466088573e-01
3.0457765861413835e-07	9.9171371996913282e-01
3.1786614090516752e-07	9.9159492638586266e-01
3.3173438916590861e-07	9.9147442984720791e-01
3.4620769812696165e-07	9.9135220594454121e-01
3.6131246610801200e-07	9.9122822991955972e-01
3.7707624316654877e-07	9.9110247665928042e-01
3.9352778134727520e-07	9.9097492069096671e-01
4.1069708712385629e-07	9.9084553617698312e-01
4.2861547612866725e-07	9.9071429690957458e-01
4.4731563027034882e-07	9.9058117630557618e-01
4.6683165734336072e-07	9.9044614740104220e-01
4.8719915323825297e-07	9.9030918284580571e-01
5.0845526686611715e-07	9.9017025489795119e-01
5.3063876791564978e-07	9.9002933541821769e-01
5.5379011756639318e-07	9.8988639586431926e-01
5.7795154228714384e-07	9.8974140728518001e-01
6.0316711085412613e-07	9.8959434031509508e-01
6.2948281472940780e-07	9.8944516516780878e-01
6.5694665194616242e-07	9.8929385163048655e-01
6.8560871465377910e-07	9.8914036905764535e-01
7.1552128048249652e-07	9.8898468636495673e-01
7.4673890789420335e-07	9.8882677202297997e-01
7.7931853569332018e-07	9.8866659405080493e-01
8.1331958687925494e-07	9.8850412000960297e-01
8.4880407702987453e-07	9.8833931699608768e-01
8.8583672741364535e-07	9.8817215163588112e-01
9.2448508303677530e-07	9.8800259007679148e-01
9.6481963584065969e-07	9.8783059798198614e-01
1.0069139532743243e-06	9.8765614052307638e-01
1.0508448124764015e-06	9.8747918237310228e-01
1.0966923403113415e-06	9.8729968769941556e-01
1.1445401595153013e-06	9.8711762015646365e-01
1.1944755412182612e-06	9.8693294287847366e-01
1.2465895641205621e-06	9.8674561847203024e-01
1.3009772806141873e-06	9.8655560900853623e-01
1.3577378901517853e-06	9.8636287601663275e-01
1.4169749201796464e-06	9.8616738047438213e-01
1.4787964149646408e-06	9.8596908280147011e-01
1.5433151326595305e-06	9.8576794285123293e-01
1.6106487509660689e-06	9.8556391990258785e-01
1.6809200817710507e-06	9.8535697265184519e-01
1.7542572951467303e-06	9.8514705920440948e-01
1.8307941531242182e-06	9.8493413706636157e-01
1.9106702536662259e-06	9.8471816313592364e-01
1.9940312852841285e-06	9.8449909369480426e-01
2.0810292927638086e-06	9.8427688439941874e-01
2.1718229544848698e-06	9.8405149027199335e-01
2.2665778718390843e-06	9.8382286569153798e-01
2.3654668712759403e-06	9.8359096438469396e-01
2.4686703195261902e-06	9.8335573941645771e-01
2.5763764525783614e-06	9.8311714318076815e-01
2.6887817190082449e-06	9.8287512739097216e-01
2.8060911382875799e-06	9.8262964307013634e-01
2.9285186747254661e-06	9.8238064054125507e-01
3.0562876277245456e-06	9.8212806941729702e-01
3.1896310390637252e-06	9.8187187859111724e-01
3.3287921179503823e-06	9.8161201622523764e-01
3.4740246846172006e-06	9.8134842974147674e-01
3.6255936332728163e-06	9.8108106581043786e-01
3.7837754152506357e-06	9.8080987034085432e-01
3.9488585432370156e-06	9.8053478846878084e-01
4.1211441174985967e-06	9.8025576454664232e-01
4.3009463750684402e-06	9.7997274213212149e-01
4.4885932628927668e-06	9.7968566397690504e-01
4.6844270359836165e-06	9.7939447201526109e-01
4.8888048816684453e-06	9.7909910735247041e-01
5.1020995710752293e-06	9.7879951025309042e-01
5.3247001390413579e-06	9.7849562012906599e-01
5.5570125936864056e-06	9.7818737552765034e-01
5.7994606569430074e-06	9.7787471411921156e-01
6.0524865373965188e-06	9.7755757268482102e-01
6.3165517368430054e-06	9.7723588710369569e-01
6.5921378920368313e-06	9.7690959234046393e-01
6.8797476531629144e-06	9.7657862243225990e-01
7.1799056006360892e-06	9.7624291047563649e-01
7.4931592018997042e-06	9.7590238861330603e-01
7.8200798099685074e-06	9.7555698802069701e-01
8.1612637055373264e-06	9.7520663889232795e-01
8.5173331845559626e-06	9.7485127042799813e-01
8.8889376932542039e-06	9.7449081081879174e-01
9.2767550126870586e-06	9.7412518723288966e-01
9.6814924949607705e-06	9.7375432580119392e-01
1.0103888353394382e-05	9.7337815160275720e-01
1.0544713008970038e-05	9.7299658865001215e-01
1.1004770495527850e-05	9.7260955987381037e-01
1.1484899926268290e-05	9.7221698710826188e-01
1.1985977024236966e-05	9.7181879107535463e-01
1.2508915719583094e-05	9.7141489136939363e-01
1.3054669816505357e-05	9.7100520644121602e-01
1.3624234732925041e-05	9.7058965358220339e-01
1.4218649316059852e-05	9.7016814890808356e-01
1.4838997737209787e-05	9.6974060734251333e-01
1.5486411469210884e-05	9.6930694260044969e-01
1.6162071350163976e-05	9.6886706717130144e-01
1.6867209737202042e-05	9.6842089230185935e-01
1.7603112754224842e-05	9.6796832797900467e-01
1.8371122637700414e-05	9.6750928291219174e-01
1.9172640184812045e-05	9.6704366451570178e-01
2.0009127308415940e-05	9.6657137889067291e-01
2.0882109703469691e-05	9.6609233080689083e-01
2.1793179629794894e-05	9.6560642368434879e-01
2.2743998816249512e-05	9.6511355957457390e-01
2.3736301491607024e-05	9.6461363914171361e-01
2.4771897547670173e-05	9.6410656164337771e-01
2.5852675840389389e-05	9.6359222491124275e-01
2.6980607635005875e-05	9.6307052533141158e-01
2.8157750201503825e-05	9.6254135782452344e-01
2.9386250566929370e-05	9.6200461582561825e-01
3.0668349431419955e-05	9.6146019126374782e-01
3.2006385255087561e-05	9.6090797454133614e-01
3.3402798523208822e-05	9.6034785451328619e-01
3.4860136197502280e-05	9.5977971846582610e-01
3.6381056361611365e-05	9.5920345209510272e-01
3.7968333069266001e-05	9.5861893948551269e-01
3.9624861403965795e-05	9.5802606308776994e-01
4.1353662759413087e-05	9.5742470369671639e-01
4.3157890350327225e-05	9.5681474042885994e-01
4.5040834963691201e-05	9.5619605069965541e-01
4.7005930960920808e-05	9.5556851020050504e-01
4.9056762541903162e-05	9.5493199287550956e-01
5.1197070282331249e-05	9.5428637089792889e-01
5.3430757956256246e-05	9.5363151464638629e-01
5.5761899656302862e-05	9.5296729268079472e-01
5.8194747224534078e-05	9.5229357171800866e-01
6.0733738007518070e-05	9.5161021660720668e-01
6.3383502949743701e-05	9.5091709030499783e-01
6.6148875040144189e-05	9.5021405385025215e-01
6.9034898127136481e-05	9.4950096633865899e-01
7.2046836118253715e-05	9.4877768489700409e-01
7.5190182581150370e-05	9.4804406465718072e-01
7.8470670763491692e-05	9.4729995872991535e-01
8.1894284050002919e-05	9.4654521817822601e-01
8.5467266875751329e-05	9.4577969199060219e-01
8.9196136115566170e-05	9.4500322705391226e-01
9.3087692970370131e-05	9.4421566812603708e-01
9.7149035372101055e-05	9.4341685780823736e-01
1.0138757092985260e-04	9.4260663651723819e-01
1.0581103044084272e-04	9.4178484245705840e-01
1.1042748199085613e-04	9.4095131159056555e-01
1.1524534566987753e-04	9.4010587761076814e-01
1.2027340892975673e-04	9.3924837191184585e-01
1.2552084261191520e-04	9.3837862355991852e-01
1.3099721767433111e-04	9.3749645926356118e-01
1.3671252264830743e-04	9.3660170334406467e-01
1.4267718185686579e-04	9.3569417770544672e-01
1.4890207442799447e-04	9.3477370180421870e-01
1.5539855413742928e-04	9.3384009261891199e-01
1.6217847011715936e-04	9.3289316461936778e-01
1.6925418846742854e-04	9.3193272973579711e-01
1.7663861481165172e-04	9.3095859732761743e-01
1.8434521783538250e-04	9.2997057415207096e-01
1.9238805385227113e-04	9.2896846433262947e-01
2.0078179244181193e-04	9.2795206932719931e-01
2.0954174320564735e-04	9.2692118789612898e-01
2.1868388369122787e-04	9.2587561607002788e-01
2.2822488853375925e-04	9.2481514711740975e-01
2.3818215986959039e-04	9.2373957151216479e-01
2.4857385907651054e-04	9.2264867690087760e-01
2.5941893989885577e-04	9.2154224806999585e-01
2.7073718301783250e-04	9.2042006691286515e-01
2.8254923213011954e-04	9.1928191239664148e-01
2.9487663160055036e-04	9.1812756052909683e-01
3.0774186575755223e-04	9.1695678432532846e-01
3.2116839990301395e-04	9.1576935377439184e-01
3.3518072311138232e-04	9.1456503580587001e-01
3.4980439289604930e-04	9.1334359425639644e-01
3.6506608182449520e-04	9.1210478983615551e-01
3.8099362616722077e-04	9.1084838009536873e-01
3.9761607666918646e-04	9.0957411939080124e-01
4.1496375153637292e-04	9.0828175885229667e-01
4.3306829173410291e-04	9.0697104634937420e-01
4.5196271869798446e-04	9.0564172645790408e-01
4.7168149456273885e-04	9.0429354042689436e-01
4.9226058501875892e-04	9.0292622614540818e-01
5.1373752491105939e-04	9.0153951810964794e-01
5.3615148670024782e-04	9.0013314739022887e-01
5.5954335191039852e-04	8.9870684159968106e-01
5.8395578569413924e-04	8.9726032486020901e-01
6.0943331465095421e-04	8.9579331777174231e-01
6.3602240804063771e-04	8.9430553738032192e-01
6.6377156254002624e-04	8.9279669714685206e-01
6.9273139069760245e-04	8.9126650691626663e-01
7.2295471324729460e-04	8.8971467288714756e-01
7.5449665544986963e-04	8.8814089758184522e-01
7.8741474763761009e-04	8.8654487981714536e-01
8.2176903014568345e-04	8.8492631467553651e-01
8.5762216282158168e-04	8.8328489347712569e-01
8.9503953931237246e-04	8.8162030375226463e-01
9.3408940633821300e-04	8.7993222921493819e-01
9.7484298816966498e-04	8.7822034973698282e-01
1.0173746165358739e-03	8.7648434132319286e-01
1.0617618662005217e-03	8.7472387608738855e-01
1.1080856964528591e-03	8.7293862222951402e-01
1.1564305987718799e-03	8.7112824401383648e-01
1.2068847509329639e-03	8.6929240174833344e-01
1.2595401778380726e-03	8.6743075176533790e-01
1.3144929193628380e-03	8.6554294640354157e-01
1.3718432055266911e-03	8.6362863399143330e-01
1.4316956393055091e-03	8.6168745883227449e-01
1.4941593874202629e-03	8.5971906119070873e-01
1.5593483794495934e-03	8.5772307728111274e-01
1.6273815156295271e-03	8.5569913925778740e-01
1.6983828837193249e-03	8.5364687520711691e-01
1.7724819853290178e-03	8.5156590914180419e-01
1.8498139721214355e-03	8.4945586099731085e-01
1.9305198923195268e-03	8.4731634663063748e-01
2.0147469479686333e-03	8.4514697782157266e-01
2.1026487634228795e-03	8.4294736227656264e-01
2.1943856655454253e-03	8.4071710363534280e-01
2.2901249761336350e-03	8.3845580148050003e-01
2.3900413171025221e-03	8.3616305135011715e-01
2.4943169289831060e-03	8.3383844475368218e-01
2.6031420033166041e-03	8.3148156919143590e-01
2.7167150295507184e-03	8.2909200817735051e-01
2.8352431570707118e-03	8.2666934126593195e-01
2.9589425730256647e-03	8.2421314408305557e-01
3.0880388966389380e-03	8.2172298836104962e-01
3.2227675907221193e-03	8.1919844197824754e-01
3.3633743911429884e-03	8.1663906900325345e-01
3.5101157550308320e-03	8.1404442974415758e-01
3.6632593285366101e-03	8.1141408080296296e-01
3.8230844350010890e-03	8.0874757513549367e-01
3.9898825844214385e-03	8.0604446211705993e-01
4.1639580051453838e-03	8.0330428761418027e-01
4.3456281987627795e-03	8.0052659406266113e-01
4.5352245192066707e-03	7.9771092055235726e-01
4.7330927771200631e-03	7.9485680291894367e-01
4.9395938705907401e-03	7.9196377384305394e-01
5.1551044434045481e-03	7.8903136295714160e-01
5.3800175720177534e-03	7.8605909696045007e-01
5.6147434825014097e-03	7.8304649974248575e-01
5.8597102987655494e-03	7.7999309251540705e-01
6.1153648234276974e-03	7.7689839395576554e-01
6.3821733527501092e-03	7.7376192035604319e-01
6.6606225271320730e-03	7.7058318578646334e-01
6.9512202187085098e-03	7.6736170226755651e-01
7.2544964576738225e-03	7.6409697995400161e-01
7.5710043990204357e-03	7.6078852733026736e-01
7.9013213314555360e-03	7.5743585141861069e-01
8.2460497303358873e-03	7.5403845800001545e-01
8.6058183565414469e-03	7.5059585184866728e-01
8.9812834032919463e-03	7.4710753698059529e-01
9.3731296929981719e-03	7.4357301691713495e-01
9.7820719263309250e-03	7.3999179496389145e-01
1.0208855985785862e-02	7.3636337450590950e-01
1.0654260296121881e-02	7.3268725931979117e-01
1.1119097244154219e-02	7.2896295390352495e-01
1.1604214660492241e-02	7.2518996382482048e-01
1.2110497365924053e-02	7.2136779608878532e-01
1.2638868785268752e-02	7.1749595952579692e-01
1.3190292631639766e-02	7.1357396520046812e-01
1.3765774664191254e-02	7.0960132684263377e-01
1.4366364522553642e-02	7.0557756130132554e-01
1.4993157641303956e-02	7.0150218902273076e-01
1.5647297247963300e-02	6.9737473455317611e-01
1.6329976448165081e-02	6.9319472706821295e-01
1.7042440401797601e-02	6.8896170092891496e-01
1.7785988594090047e-02	6.8467519626654638e-01
1.8561977205784109e-02	6.8033475959679324e-01
1.9371821586714352e-02	6.7593994446479344e-01
2.0216998837308930e-02	6.7149031212224453e-01
2.1099050502719163e-02	6.6698543223790496e-01
2.2019585384491676e-02	6.6242488364285479e-01
2.2980282474911955e-02	6.5780825511191710e-01
2.3982894019370590e-02	6.5313514618268620e-01
2.5029248712338348e-02	6.4840516801365566e-01
2.6121255032779067e-02	6.4361794428297403e-01
2.7260904725083940e-02	6.3877311212940213e-01
2.8450276431876340e-02	6.3387032313708636e-01
2.9691539485312671e-02	6.2890924436580153e-01
3.0986957863795329e-02	6.2388955942835289e-01
3.2338894321313288e-02	6.1881096961686721e-01
3.3749814696942861e-02	6.1367319507973361e-01
3.5222292412368524e-02	6.0847597605098780e-01
3.6759013165626964e-02	6.0321907413395992e-01
3.8362779829635554e-02	5.9790227364103132e-01
4.0036517564439655e-02	5.9252538299136737e-01
4.1783279152503371e-02	5.8708823616850048e-01
4.3606250566774390e-02	5.8159069423965803e-01
4.5508756781679892e-02	5.7603264693871603e-01
4.7494267837650810e-02	5.7041401431466787e-01
4.9566405170236909e-02	5.6473474844747140e-01
5.1728948215356035e-02	5.5899483523311544e-01
5.3985841302725171e-02	5.5319429623971150e-01
5.6341200850046583e-02	5.4733319063636277e-01
5.8799322871069988e-02	5.4141161719650033e-01
6.1364690811226752e-02	5.3542971637729297e-01
6.4041983725125387e-02	5.2938767247664087e-01
6.6836084810825327e-02	5.2328571586914407e-01
6.9752090316454199e-02	5.1712412532228991e-01
7.2795318835413736e-02	5.1090323039394336e-01
7.5971321007128237e-02	5.0462341391202836e-01
7.9285889641028881e-02	4.9828511453706015e-01
8.2745070282239735e-02	4.9188882940793771e-01
8.6355172238235495e-02	4.8543511687110480e-01
9.0122780086585086e-02	4.7892459929285824e-01
9.4054765684767477e-02	4.7235796595420088e-01
9.8158300703967069e-02	4.6573597602721117e-01
1.0244086970970845e-01	4.5905946163142475e-01
1.0691028381318891e-01	4.5232933096818317e-01
1.1157469491820812e-01	4.4554657153031119e-01
1.1644261058967875e-01	4.3871225338382130e-01
1.2152290957084089e-01	4.3182753251760175e-01
1.2682485797747789e-01	4.2489365425623898e-01
1.3235812619867426e-01	4.1791195673022058e-01
1.3813280653493989e-01	4.1088387439678375e-01
1.4415943160587183e-01	4.0381094160358966e-01
1.5044899356092764e-01	3.9669479618622183e-01
1.5701296412834981e-01	3.8953718308921570e-01
1.6386331553880887e-01	3.8233995799892029e-01
1.7101254236192726e-01	3.7510509097497552e-01
1.7847368429551641e-01	3.6783467006552767e-01
1.8626034994908716e-01	3.6053090488954137e-01
1.9438674166501735e-01	3.5319613016764106e-01
2.0286768142264716e-01	3.4583280918086667e-01
2.1171863787254966e-01	3.3844353713453879e-01
2.2095575455028532e-01	3.3103104440208547e-01
2.3059587932109860e-01	3.2359819962121367e-01
2.4065659510926732e-01	3.1614801261217906e-01
2.5115625196814512e-01	3.0868363708516666e-01
2.6211400054939660e-01	3.0120837310089948e-01
2.7354982703246811e-01	2.9372566924559740e-01
2.8548458957800404e-01	2.8623912447829764e-01
2.9794005637169668e-01	2.7875248960535703e-01
3.1093894532795890e-01	2.7126966833369404e-01
3.2450496552583785e-01	2.6379471785103792e-01
3.3866286045274097e-01	2.5633184887815585e-01
3.5343845313485850e-01	2.4888542513476830e-01
3.6885869323658371e-01	2.4145996215770818e-01
3.8495170621484748e-01	2.3406012540684312e-01
4.0174684461801607e-01	2.2669072759148651e-01
4.1927474162291983e-01	2.1935672514749271e-01
4.3756736690766113e-01	2.1206321379309531e-01
4.5665808496210358e-01	2.0481542308987261e-01
4.7658171594241128e-01	1.9761870993413022e-01
4.9737459918061427e-01	1.9047855090361585e-01
5.1907465946505082e-01	1.8340053338491388e-01
5.4172147621257161e-01	1.7639034540830353e-01
5.6535635565867293e-01	1.6945376411941740e-01
5.9002240619722790e-01	1.6259664282089431e-01
6.1576461700723106e-01	1.5582489652254433e-01
6.4262994010996610e-01	1.4914448594551410e-01
6.7066737600625759e-01	1.4256139993474223e-01
6.9992806305001987e-01	1.3608163624479327e-01
7.3046537072109152e-01	1.2971118067715898e-01
7.6233499696749507e-01	1.2345598456243419e-01
7.9559506979466244e-01	1.1732194059860458e-01
8.3030625328691665e-01	1.1131485707710874e-01
8.6653185825458967e-01	1.0544043055145791e-01
9.0433795770857717e-01	9.9704217029045333e-02
9.4379350737297429e-01	9.4111601795335995e-02
9.8497047145556549e-01	8.8667768010816841e-02
1.0279439539055892e+00	8.3377664254722109e-02
1.0727923353981734e+00	7.8245971225382807e-02
1.1195974162952946e+00	7.3277067844700186e-02
1.1684445658440088e+00	6.8474997053221104e-02
1.2194228778840852e+00	6.3843431621971009e-02
1.2726253333490389e+00	5.9385640346813220e-02
1.3281489698569560e+00	5.5104455029729792e-02
1.3860950587004321e+00	5.1002238687998004e-02
1.4465692895584488e+00	4.7080855465546481e-02
1.5096819632670508e+00	4.3341642749471533e-02
1.5755481930005182e+00	3.9785386017283146e-02
1.6442881142298509e+00	3.6412296955401290e-02
1.7160271038416086e+00	3.3221995395058865e-02
1.7908960088167249e+00	3.0213495606502265e-02
1.8690313848863973e+00	2.7385197474601178e-02
1.9505757456003441e+00	2.4734883047234604e-02
2.0356778222617149e+00	2.2259718900856155e-02
2.1244928352027528e+00	1.9956264704497385e-02
2.2171827768960002e+00	1.7820488283583066e-02
2.3139167074174218e+00	1.5847787388244012e-02
2.4148710628003540e+00	1.4033018257854756e-02
2.5202299768426846e+00	1.2370530945522833e-02
2.6301856169542353e+00	1.0854211225203907e-02
2.7449385346568920e+00	9.4775287528292129e-03
2.8646980313767823e+00	8.2335909949599901e-03
2.9896825401956879e+00	7.1152022785060396e-03
3.1201200242579064e+00	6.1149271581870486e-03
3.2562483925594159e+00	5.2251571505231506e-03
3.3983159338774631e+00	4.4381797505112794e-03
3.5465817696322222e+00	3.7462485362386821e-03
3.7013163265064382e+00	3.1416530838777133e-03
3.8628018296850843e+00	2.6167873666754619e-03
4.0313328176146852e+00	2.1642153017310804e-03
4.2072166792211743e+00	1.7767321413136108e-03
4.3907742145661457e+00	1.4474204833418184e-03
4.5823402199640917e+00	1.1696997985739242e-03
4.7822640986278468e+00	9.3736853795061618e-04
4.9909104979560048e+00	7.4463808793317099e-04
5.2086599746246840e+00	5.8615807774065661e-04
5.4359096886967189e+00	4.5703280107861638e-04
5.6730741280143118e+00	3.5282878538675288e-04
5.9205858641962470e+00	2.6957381162818643e-04
6.1788963416188931e+00	2.0374794439601262e-04
6.4484767008195938e+00	1.5226736301953794e-04
6.7298186378246143e+00	1.1246197787385792e-04
7.0234353009688606e+00	8.2047962623855975e-05
7.3298622268431330e+00	5.9096425753037912e-05
7.6496583170760211e+00	4.1999479817856375e-05
7.9834068577320174e+00	2.9434944450763632e-05
8.3317165831851661e+00	2.0330842928487861e-05
8.6952227864086709e+00	1.3830729273380936e-05
9.0745884777055750e+00	9.2607233624824987e-06
9.4705055939939289e+00	6.0989473846180868e-06
9.8836962608521173e+00	3.9478611919003573e-06
1.0314914109626230e+01	2.5097994923276128e-06
1.0764945652001783e+01	1.5658320870605425e-06
1.1234611714546915e+01	9.5790903459084669e-07
1.1724768935843613e+01	5.7412254303529371e-07
1.2236311328937362e+01	3.3682029411135278e-07
1.2770171911955700e+01	1.9324146739928339e-07
1.3327324409868902e+01	1.0831490624073847e-07
1.3908785030497375e+01	5.9254437664297923e-08
1.4515614318004797e+01	3.1603700148346948e-08
1.5148919087257703e+01	1.6415681343039500e-08
1.5809854442579637e+01	8.2943500319404631e-09
1.6499625884581970e+01	4.0717855849543327e-09
1.7219491508914064e+01	1.9396363114929241e-09
1.7970764300943173e+01	8.9540288075045241e-10
1.8754814530549403e+01	4.0002253848361025e-10
1.9573072251403701e+01	1.7270195946887896e-10
2.0427029909287345e+01	7.1946359418541195e-11
2.1318245064210359e+01	2.8876381239900818e-11
2.2248343231293905e+01	1.1147903434576157e-11
2.3219020845597637e+01	4.1326004596208253e-12
2.4232048356301075e+01	1.4684682622682011e-12
2.5289273455880728e+01	4.9924526365906685e-13
2.6392624450174132e+01	1.6208195736795406e-13
2.7544113775477005e+01	5.0147867746357362e-14
2.8745841669088602e+01	1.4755543990620484e-14
3.0000000000000000e+01	4.1199410749446230e-15
